{
  "name": "fvtt-enhancement-suite",
  "title": "FVTT Enhancement Suite",
  "description": "This module will add additional quality of life features to enhance the Foundry Virtual Tabletop experience.",
  "version": "0.3.90",
  "author": "Matt DeKok (Sillvva), KaKaRoTo",
  "systems": ["dnd5e", "dnd5eJP"],
  "scripts": ["./scripts/math.js", "./scripts/arrive.min.js", "./scripts/macros.js","./fvtt-enhancement-suite.js"],
  "styles": ["./fvtt-enhancement-suite.css"],
  "packs": [],
  "url": "https://github.com/kakaroto/foundry-vtt-modules",
  "manifest": "https://raw.githubusercontent.com/kakaroto/foundry-vtt-modules/master/fvtt-enhancement-suite/module.json",
  "download": "https://github.com/kakaroto/foundry-vtt-modules/raw/master/fvtt-enhancement-suite.zip"
}